0,1,2,3,4,5,6,7,8,9,10,11,12,13,14,15,16,17,18,19,20,21,22,23,24,25,26,27,28,29,30,32,33,34
Ventas X Mes ,0.0,0.0,0.0,0.0,0.0,0.0,0.0,0.0,0.0,0.0,0.0,0.0,0.0,0.0,0.0,0.0,0.0,0.0,0.0,0.0,0.0,0.0,0.0,0.0,0.0,0.0,0.0,0.0,0.0,0.0,0.0,0.0,0.0
Ventas X Mes ,0.0,0.0,0.0,0.0,0.0,0.0,0.0,0.0,0.0,0.0,0.0,0.0,0.0,0.0,0.0,0.0,0.0,0.0,0.0,0.0,0.0,0.0,0.0,0.0,0.0,0.0,0.0,0.0,0.0,0.0,0.0,0.0,0.0
Ventas X Mes ,0.0,0.0,0.0,0.0,0.0,0.0,0.0,0.0,0.0,0.0,0.0,0.0,0.0,0.0,0.0,0.0,0.0,0.0,0.0,0.0,0.0,0.0,0.0,0.0,0.0,0.0,0.0,0.0,0.0,0.0,0.0,0.0,0.0
Ventas X Mes ,0.0,0.0,0.0,0.0,0.0,6.0,21.0,0.0,0.0,23.0,22.0,32.0,26.0,20.0,30.0,30.0,34.0,40.0,36.0,27.0,38.0,40.0,34.0,34.0,38.0,30.0,41.0,41.0,35.0,0.0,0.0,0.0,0.0
Piso,0.0,0.0,0.0,0.0,0.0,0.0,0.0,0.0,0.0,0.0,0.0,0.0,0.0,0.0,0.0,0.0,0.0,0.0,0.0,0.0,0.0,0.0,0.0,0.0,0.0,0.0,0.0,0.0,0.0,0.0,0.0,0.0,0.0
Piso ,0.0,0.0,0.0,0.0,0.0,0.0,0.0,0.0,0.0,0.0,0.0,0.0,0.0,0.0,0.0,0.0,0.0,0.0,0.0,0.0,0.0,0.0,0.0,0.0,0.0,0.0,0.0,0.0,0.0,0.0,0.0,0.0,0.0
Leads ,0.0,0.0,0.0,0.0,0.0,0.0,0.0,0.0,0.0,0.0,0.0,0.0,64.0,0.0,43.0,0.0,59.0,63.0,71.0,58.0,72.0,81.0,76.0,0.3,94.0,0.0,0.0,0.0,0.0,0.0,0.0,0.0,0.0
Efectivos ,0.0,0.0,0.0,0.0,0.0,0.0,0.0,0.0,0.0,0.0,0.0,0.0,64.0,0.0,43.0,0.0,59.0,63.0,71.0,58.0,72.0,81.0,76.0,0.3,94.0,0.0,0.0,0.0,0.0,0.0,0.0,0.0,0.0
SDC ,0.0,0.0,0.0,0.0,0.0,0.0,0.0,0.0,0.0,0.0,42.0,34.0,23.0,28.0,13.0,16.0,13.0,12.0,22.0,21.0,24.0,21.0,27.0,27.0,18.0,24.0,18.0,24.0,22.0,7.0,0.0,0.0,0.0
PDM ,0.0,0.0,0.0,0.0,0.0,0.0,0.0,0.0,0.0,25.0,32.0,28.0,33.0,32.0,28.0,34.0,31.0,29.0,44.0,31.0,48.0,43.0,22.0,46.0,28.0,41.0,36.0,45.0,42.0,16.0,0.0,0.0,0.0
Citas Programadas ,0.0,0.0,0.0,0.0,0.0,0.0,0.0,0.0,0.0,18.0,42.0,0.0,64.0,0.0,34.0,0.0,59.0,63.0,71.0,58.0,72.0,81.0,76.0,0.3,94.0,0.0,12.0,73.0,28.0,11.0,0.0,0.0,0.0
Citas Efectivas ,0.0,0.0,0.0,0.0,0.0,0.0,0.0,0.0,0.0,14.0,36.0,0.0,64.0,0.0,34.0,0.0,59.0,63.0,71.0,58.0,72.0,81.0,76.0,0.3,94.0,0.0,10.0,59.0,25.0,8.0,0.0,0.0,0.0
Ventas ,0.0,0.0,0.0,1.0,0.0,10.0,9.0,6.0,3.0,11.0,8.0,10.0,11.0,9.0,13.0,12.0,10.0,7.0,7.0,7.0,11.0,9.0,9.0,6.0,7.0,8.0,9.0,9.0,11.0,2.0,0.0,0.0,0.0
Conversion ,0.0,0.0,0.13157894736842105,0.011494252873563218,0.05454545454545454,0.10869565217391304,0.11688311688311688,0.10526315789473684,0.06976744186046512,0.22,0.125,0.14084507042253522,0.171875,0.1125,0.3023255813953488,0.18461538461538463,0.1694915254237288,0.1111111111111111,0.09859154929577464,0.1206896551724138,0.1527777777777778,0.1111111111111111,0.11842105263157894,0.061855670103092786,0.07446808510638298,0.0761904761904762,0.11392405063291139,0.0782608695652174,0.12941176470588237,0.05555555555555555,0.0,0.0,0.0
Aporte ,0.0,0.0,0.0,0.125,0.23076923076923078,1.6666666666666667,0.42857142857142855,0.35294117647058826,0.17647058823529413,0.4782608695652174,0.36363636363636365,0.3125,0.4230769230769231,0.45,0.43333333333333335,0.4,0.29411764705882354,0.175,0.19444444444444445,0.25925925925925924,0.2894736842105263,0.225,0.2647058823529412,0.17647058823529413,0.18421052631578946,0.26666666666666666,0.21951219512195122,0.21951219512195122,0.3142857142857143,0.05405405405405406,0.0,0.0,0.0
Plazas,0.0,0.0,0.0,0.0,0.0,0.0,0.0,0.0,0.0,0.0,0.0,0.0,0.0,0.12699773584118756,0.0,0.3032215036454688,0.0,0.0,0.0,0.0,0.0,0.0,0.0,0.0,0.0,0.0,0.0,0.0,0.0,0.0,0.0,0.0,0.0
Plazas,0.0,0.0,0.0,0.0,0.0,9.2,8.555555555555555,9.5,0.0,4.545454545454546,8.0,7.1,5.818181818181818,8.88888888888889,3.3076923076923075,5.416666666666667,5.9,9.0,10.142857142857142,8.285714285714286,6.545454545454546,9.0,8.444444444444445,16.166666666666668,13.428571428571429,13.125,8.777777777777779,12.777777777777779,7.7272727272727275,18.0,0.0,0.0,0.0
Plazas,0.0,0.0,0.0,0.0,0.0,0.0,0.0,0.0,0.0,0.0,0.0,0.0,0.0,0.0,0.0,0.0,0.0,0.0,0.0,0.0,0.0,0.0,0.0,0.0,0.0,0.0,0.0,0.0,0.0,0.0,0.0,0.0,0.0
Plazas ,0.0,0.0,0.0,0.0,0.0,0.0,0.0,0.0,0.0,0.0,0.0,0.0,0.0,0.0,0.0,0.0,0.0,0.0,0.0,0.0,0.0,0.0,0.0,0.0,0.0,0.0,0.0,0.0,0.0,0.0,0.0,0.0,0.0
Leads ,0.0,0.0,0.0,0.0,0.0,0.0,0.0,0.0,0.0,0.0,0.0,0.0,0.0,0.0,0.0,0.0,0.0,0.0,0.0,0.0,0.0,0.0,0.0,0.3,0.0,0.0,0.0,0.0,0.0,0.0,0.0,0.0,0.0
Efectivos ,0.0,0.0,0.0,0.0,0.0,0.0,0.0,0.0,0.0,0.0,0.0,0.0,0.0,0.0,0.0,0.0,0.0,0.0,0.0,0.0,0.0,0.0,0.0,0.3,0.0,0.0,0.0,0.0,0.0,0.0,0.0,0.0,0.0
SDC ,0.0,0.0,0.0,0.0,0.0,0.0,0.0,0.0,0.0,0.0,26.0,22.0,16.0,27.0,19.0,23.0,35.0,36.0,25.0,44.0,38.0,31.0,34.0,23.0,25.0,26.0,12.0,18.0,16.0,3.0,0.0,0.0,0.0
PDM ,0.0,0.0,0.0,0.0,0.0,6.0,17.0,8.0,5.0,19.0,14.0,22.0,28.0,20.0,23.0,23.0,44.0,37.0,30.0,41.0,43.0,33.0,18.0,15.0,39.0,35.0,30.0,31.0,41.0,12.0,0.0,0.0,0.0
Citas Programadas ,0.0,0.0,0.0,0.0,2.0,0.0,0.0,13.0,13.0,20.0,40.0,53.0,48.0,35.0,52.0,29.0,0.0,77.0,67.0,74.0,77.0,60.0,46.0,23.0,0.0,70.0,41.0,68.0,0.0,26.0,0.0,0.0,0.0
Citas Efectivas ,0.0,0.0,0.0,0.0,0.0,0.0,0.0,0.0,0.0,0.0,0.0,0.0,0.0,0.0,0.0,0.0,0.0,0.0,0.0,0.0,0.0,0.0,0.14153846153846153,0.07931034482758621,0.24249422632794457,0.1745635910224439,0.1168091168091168,0.19318181818181818,0.24813895781637718,0.1793103448275862,0.0,0.0,0.0
Citas Efectivas ,0.0,0.0,0.0,0.0,2.0,8.0,18.0,4.0,6.0,10.0,19.0,35.0,36.0,28.0,25.0,27.0,61.0,51.0,44.0,52.0,48.0,32.0,41.0,19.0,82.0,55.0,31.0,49.0,59.0,15.0,0.0,0.0,0.0
Ventas ,0.0,0.0,0.0,0.0,0.0,0.0,0.0,0.0,0.0,0.0,0.0,0.0,0.0,0.0,0.0,0.0,0.0,0.0,0.0,0.0,0.0,0.0,0.0,0.06551724137931035,0.18937644341801385,0.1371571072319202,0.08831908831908832,0.13920454545454544,0.14640198511166252,0.0,0.0,0.0,0.0
Ventas ,0.0,0.0,0.0,0.0,0.0,2.0,3.0,0.0,2.0,3.0,7.0,4.0,1.0,3.0,8.0,5.0,13.0,14.0,6.0,15.0,12.0,11.0,9.0,6.0,6.0,7.0,7.0,7.0,10.0,1.0,0.0,0.0,0.0
Conversion ,0.0,0.0,0.0,0.0,0.0,0.006802721088435374,0.012096774193548387,0.0,0.03389830508474576,0.01948051948051948,0.025,0.023255813953488372,0.005434782608695652,0.01090909090909091,0.026578073089700997,0.01818181818181818,0.036619718309859155,0.028455284552845527,0.015113350125944584,0.04807692307692308,0.037037037037037035,0.040145985401459854,0.027692307692307693,0.020689655172413793,0.013856812933025405,0.017456359102244388,0.019943019943019943,0.019886363636363636,0.02481389578163772,0.006896551724137931,0.0,0.0,0.0
Aporte ,0.0,0.0,0.0,0.0,0.0,0.3333333333333333,0.14285714285714285,0.0,0.11764705882352941,0.13043478260869565,0.3181818181818182,0.125,0.038461538461538464,0.15,0.26666666666666666,0.16666666666666666,0.38235294117647056,0.35,0.16666666666666666,0.5555555555555556,0.3157894736842105,0.275,0.2647058823529412,0.17647058823529413,0.15789473684210525,0.23333333333333334,0.17073170731707318,0.17073170731707318,0.2857142857142857,0.02702702702702703,0.0,0.0,0.0
Digital ,0.0,0.0,0.0,0.0,0.0,0.0,0.0,0.0,0.0,0.0,0.0,0.0,0.0,0.02116192834509233,0.0,0.21989772239832012,0.0,0.0,0.0,0.0,0.0,0.0,0.0,0.0,0.0,0.0,0.0,0.0,0.0,0.0,0.0,0.0,0.0
Digital ,0.0,0.0,0.0,0.0,0.0,0.0,0.0,0.0,0.0,0.0,40.0,43.0,0.0,0.0,37.625,55.0,27.307692307692307,35.142857142857146,66.16666666666667,20.8,27.0,24.90909090909091,36.111111111111114,48.333333333333336,72.16666666666667,57.285714285714285,50.142857142857146,50.285714285714285,40.3,0.0,0.0,0.0,0.0
Digital ,0.0,0.0,0.0,0.0,0.0,0.0,0.0,0.0,0.0,0.0,0.0,0.0,0.0,0.0,0.0,0.0,0.0,0.0,0.0,0.0,0.0,0.0,0.0,0.0,0.0,0.0,0.0,0.0,0.0,0.0,0.0,0.0,0.0
Digital ,0.0,0.0,0.0,0.0,0.0,0.0,0.0,0.0,0.0,0.0,0.0,0.0,0.0,0.0,0.0,0.0,0.0,0.0,0.0,0.0,0.0,0.0,0.0,0.0,0.0,0.0,0.0,0.0,0.0,0.0,0.0,0.0,0.0
Leads ,0.0,0.0,0.0,0.0,0.0,0.0,0.0,0.0,0.0,0.0,0.0,0.0,0.0,0.0,0.0,0.0,0.0,0.0,0.0,0.0,0.0,0.0,0.0,0.3,0.0,0.0,0.0,0.0,0.0,0.0,0.0,0.0,0.0
Efectivos ,0.0,0.0,0.0,0.0,0.0,0.0,0.0,0.0,0.0,0.0,0.0,0.0,0.0,0.0,0.0,0.0,0.0,0.0,0.0,0.0,0.0,0.0,0.0,0.3,0.0,0.0,0.0,0.0,0.0,0.0,0.0,0.0,0.0
SDC ,0.0,0.0,0.0,0.0,0.0,0.0,0.0,0.0,0.0,0.0,0.0,21.0,28.0,13.0,6.0,15.0,19.0,29.0,29.0,36.0,50.0,42.0,39.0,23.0,21.0,16.0,32.0,30.0,28.0,3.0,0.0,0.0,0.0
PDM ,0.0,0.0,0.0,0.0,0.0,0.0,0.0,8.0,7.0,17.0,28.0,22.0,24.0,16.0,17.0,26.0,21.0,33.0,31.0,31.0,32.0,22.0,23.0,22.0,22.0,25.0,35.0,35.0,28.0,12.0,0.0,0.0,0.0
Citas Programadas,0.0,0.0,0.0,0.0,0.0,0.0,0.0,0.0,0.0,0.0,50.0,0.0,45.0,25.0,47.0,37.0,69.0,0.0,0.0,0.0,110.0,0.0,0.0,0.3,85.0,78.0,0.0,0.0,0.0,26.0,0.0,0.0,0.0
Citas Efectivas ,0.0,0.0,0.0,0.0,0.0,14.0,18.0,0.0,0.0,18.0,27.0,37.0,30.0,19.0,33.0,32.0,34.0,45.0,51.0,73.0,60.0,55.0,51.0,56.0,43.0,36.0,59.0,103.0,53.0,15.0,0.0,0.0,0.0
Ventas ,0.0,0.0,0.0,0.0,1.0,2.0,0.0,6.0,1.0,5.0,10.0,9.0,4.0,12.0,5.0,9.0,12.0,9.0,9.0,15.0,10.0,14.0,8.0,6.0,13.0,11.0,8.0,9.0,7.0,1.0,0.0,0.0,0.0
Conversion ,0.0,0.006896551724137931,0.0,0.0,0.002857142857142857,0.010416666666666666,0.0,0.004434589800443459,0.0008756567425569177,0.00591016548463357,0.013245033112582781,0.04455445544554455,0.01932367149758454,0.024439918533604887,0.006675567423230975,0.024930747922437674,0.020833333333333332,0.012875536480686695,0.010882708585247884,0.022189349112426034,0.014534883720930232,0.02527075812274368,0.00881057268722467,0.006507592190889371,0.02047244094488189,0.011224489795918367,0.009592326139088728,0.013493253373313344,0.009358288770053475,0.003355704697986577,0.0,0.0,0.0
Aporte ,0.0,0.08333333333333333,0.0,0.0,0.07692307692307693,0.3333333333333333,0.0,0.35294117647058826,0.058823529411764705,0.21739130434782608,0.45454545454545453,0.28125,0.15384615384615385,0.6,0.16666666666666666,0.3,0.35294117647058826,0.225,0.25,0.5555555555555556,0.2631578947368421,0.35,0.23529411764705882,0.17647058823529413,0.34210526315789475,0.36666666666666664,0.1951219512195122,0.21951219512195122,0.2,0.02702702702702703,0.0,0.0,0.0
Digital ,0.0,0.0,0.0,0.0,0.0,0.0,0.0,0.0,0.0,0.0,0.0,0.0,0.0,0.013950330721730426,0.0,0.28323231055959996,0.0,0.0,0.0,0.0,0.0,0.0,0.0,0.0,0.0,0.0,0.0,0.0,0.0,0.0,0.0,0.0,0.0
Digital ,0.0,0.0,0.0,0.0,0.0,0.0,0.0,0.0,0.0,0.0,0.0,0.0,0.0,0.0,0.0,0.0,0.0,0.0,0.0,0.0,0.0,0.0,0.0,0.0,0.0,0.0,0.0,0.0,0.0,0.0,0.0,0.0,0.0
Digital ,0.0,0.0,0.0,0.0,0.0,0.0,0.0,0.0,0.0,0.0,0.0,0.0,0.0,0.0,0.0,0.0,0.0,0.0,0.0,0.0,0.0,0.0,0.0,0.0,0.0,0.0,0.0,0.0,0.0,0.0,0.0,0.0,0.0
Canal ,0.0,0.0,0.0,0.0,0.0,0.0,0.0,0.0,0.0,0.0,0.0,0.0,0.0,0.0,0.0,0.0,0.0,0.0,0.0,0.0,0.0,0.0,0.0,0.0,0.0,0.0,0.0,0.0,0.0,0.0,0.0,0.0,0.0
Leads ,0.0,0.0,0.0,0.0,0.0,0.0,0.0,0.0,0.0,0.0,0.0,0.0,0.0,0.0,0.0,0.0,0.0,0.0,0.0,0.0,0.0,0.0,0.0,23.0,0.0,0.0,0.0,0.0,0.0,0.0,0.0,0.0,0.0
Efectivos ,0.0,0.0,0.0,0.0,0.0,0.0,0.0,0.0,0.0,0.0,0.0,0.0,0.0,0.0,0.0,0.0,0.0,0.0,0.0,0.0,0.0,0.0,0.0,23.0,0.0,0.0,0.0,0.0,0.0,0.0,0.0,0.0,0.0
SDC ,0.0,0.0,0.0,0.0,0.0,0.0,0.0,0.0,0.0,0.0,0.0,0.0,0.0,0.0,0.0,0.0,0.0,0.0,0.0,0.0,0.0,0.0,0.0,2.0,0.0,0.0,0.0,0.0,0.0,0.0,0.0,0.0,0.0
PDM ,0.0,0.0,0.0,0.0,0.0,0.0,0.0,0.0,0.0,0.0,0.0,0.0,0.0,0.0,0.0,0.0,0.0,0.0,0.0,0.0,0.0,0.0,0.0,6.0,0.0,0.0,0.0,0.0,0.0,0.0,0.0,0.0,0.0
Citas Programadas,0.0,0.0,0.0,0.0,0.0,0.0,0.0,0.0,0.0,0.0,0.0,0.0,0.0,0.0,0.0,0.0,0.0,0.0,0.0,0.0,0.0,0.0,0.0,15.0,0.0,0.0,0.0,0.0,0.0,0.0,0.0,0.0,0.0
Citas Efectivas ,0.0,0.0,0.0,0.0,0.0,0.0,0.0,0.0,0.0,0.0,0.0,0.0,0.0,0.0,0.0,0.0,0.0,0.0,0.0,0.0,0.0,0.0,0.0,15.0,0.0,0.0,0.0,0.0,0.0,0.0,0.0,0.0,0.0
Ventas ,0.0,0.0,0.0,0.0,0.0,0.0,0.0,0.0,0.0,0.0,0.0,0.0,0.0,0.0,0.0,0.0,0.0,0.0,0.0,0.0,0.0,0.0,0.0,10.0,0.0,0.0,0.0,0.0,0.0,0.0,0.0,0.0,0.0
Conversion ,0.0,0.0,0.0,0.0,0.0,0.0,0.0,0.0,0.0,0.0,0.0,0.0,0.0,0.0,0.0,0.0,0.0,0.0,0.0,0.0,0.0,0.0,0.0,0.43478260869565216,0.0,0.0,0.0,0.0,0.0,0.0,0.0,0.0,0.0
Aporte ,0.0,0.0,0.0,0.0,0.0,0.0,0.0,0.0,0.0,0.0,0.0,0.0,0.0,0.0,0.0,0.0,0.0,0.0,0.0,0.0,0.0,0.0,0.0,0.29411764705882354,0.0,0.0,0.0,0.0,0.0,0.0,0.0,0.0,0.0
Aporte Otros,0.0,0.0,0.0,0.0,0.0,0.0,0.0,0.0,0.0,0.0,0.0,0.0,0.0,0.0,0.0,0.0,0.0,0.0,0.0,0.0,0.0,0.0,0.0,0.0,0.0,0.0,0.0,0.0,0.0,0.0,0.0,0.0,0.0
Aporte Otros,0.0,0.0,0.0,0.0,0.0,0.0,0.0,0.0,0.0,0.0,0.0,22.444444444444443,51.75,40.916666666666664,0.0,40.111111111111114,48.0,77.66666666666667,91.88888888888889,45.06666666666667,68.8,39.57142857142857,0.0,0.3,48.84615384615385,0.0,0.0,74.11111111111111,0.0,0.0,0.0,0.0,0.0
Aporte Otros,0.0,0.0,0.0,0.875,0.6923076923076923,-1.3333333333333335,0.4285714285714286,0.2941176470588235,0.6470588235294118,0.17391304347826086,-0.13636363636363624,0.28125,0.3846153846153846,-0.19999999999999996,0.1333333333333333,0.1333333333333333,-0.02941176470588247,0.25,0.38888888888888895,-0.37037037037037046,0.13157894736842102,0.15000000000000002,0.23529411764705888,0.47058823529411764,0.3157894736842105,0.1333333333333333,0.41463414634146345,0.3902439024390244,0.19999999999999996,0.0,0.0,0.0,0.0
